"Recipe","Image Address"
"1-Pot Black Bean Soup","/recipe-images/1-pot-black-bean-soup.webp"
"100% Whole Wheat Bread","/recipe-images/100-whole-wheat-bread.webp"
"30-Minute Cashew Alfredo","/recipe-images/30-minute-cashew-alfredo.webp"
"4th of July Baby Back Ribs","/recipe-images/4th-of-july-baby-back-ribs.webp"
"5-Alarm Competition Chili","/recipe-images/5-alarm-competition-chili.webp"
"7-Layer Dip","/recipe-images/7-layer-dip.webp"
"Abbacchio Scottadito","/recipe-images/abbacchio-scottadito.webp"
"Aglio e Olio","/recipe-images/aglio-e-olio.webp"
"Air Fryer Bacon","/recipe-images/air-fryer-bacon.webp"
"Air Fryer Beef Burgers","/recipe-images/air-fryer-beef-burgers.webp"
"Air Fryer Breaded Pork Chops","/recipe-images/air-fryer-breaded-pork-chops.webp"
"Air Fryer Breakfast Home Fries","/recipe-images/air-fryer-breakfast-home-fries.webp"
"Air Fryer Brown Sugar Rubbed Pork Chops","/recipe-images/air-fryer-brown-sugar-rubbed-pork-chops.webp"
"Air Fryer Buffalo Chicken Nuggets","/recipe-images/air-fryer-buffalo-chicken-nuggets.webp"
"Air Fryer Buffalo Chicken Wings","/recipe-images/air-fryer-buffalo-chicken-wings.webp"
"Air Fryer Chicken Breast","/recipe-images/air-fryer-chicken-breast.webp"
"Air Fryer Chicken Thighs","/recipe-images/air-fryer-chicken-thighs.webp"
"Air Fryer Crispy Garlic Rosemary Chickpeas","/recipe-images/air-fryer-crispy-garlic-rosemary-chickpeas.webp"
"Air Fryer Crispy Hash Browns","/recipe-images/air-fryer-crispy-hash-browns.webp"
"Air Fryer Egg Cups","/recipe-images/air-fryer-egg-cups.webp"
"Air Fryer Falafel","/recipe-images/air-fryer-falafel.webp"
"Air Fryer French Fries","/recipe-images/air-fryer-french-fries.webp"
"Air Fryer Garlic Butter Steak Bites","/recipe-images/air-fryer-garlic-butter-steak-bites.webp"
"Air Fryer Garlic Parmesan Wings","/recipe-images/air-fryer-garlic-parmesan-wings.webp"
"Air Fryer Jalapeño Poppers","/recipe-images/air-fryer-jalape-o-poppers.webp"
"Air Fryer Korean Chicken Bites","/recipe-images/air-fryer-korean-chicken-bites.webp"
"Air Fryer Mozzarella Sticks","/recipe-images/air-fryer-mozzarella-sticks.webp"
"Air Fryer Onion Rings","/recipe-images/air-fryer-onion-rings.webp"
"Air Fryer Parmesan Brussels Sprouts","/recipe-images/air-fryer-parmesan-brussels-sprouts.webp"
"Air Fryer Parmesan Green Beans","/recipe-images/air-fryer-parmesan-green-beans.webp"
"Air Fryer Pork Egg Rolls","/recipe-images/air-fryer-pork-egg-rolls.webp"
"Air Fryer Pork Tenderloin","/recipe-images/air-fryer-pork-tenderloin.webp"
"Air Fryer Roasted Cauliflower","/recipe-images/air-fryer-roasted-cauliflower.webp"
"Air Fryer Salmon with Honey Dijon Glaze","/recipe-images/air-fryer-salmon-with-honey-dijon-glaze.webp"
"Air Fryer Samosas","/recipe-images/air-fryer-samosas.webp"
"Air Fryer Seasoned Shrimp","/recipe-images/air-fryer-seasoned-shrimp.webp"
"Air Fryer Sweet Potato Fries","/recipe-images/air-fryer-sweet-potato-fries.webp"
"Air Fryer Turkey Burgers","/recipe-images/air-fryer-turkey-burgers.webp"
"Al Pastor Tacos","/recipe-images/al-pastor-tacos.webp"
"Alabama White Sauce Smoked Chicken","/recipe-images/alabama-white-sauce-smoked-chicken.webp"
"All-American Beef Stew","/recipe-images/all-american-beef-stew.webp"
"Almond Butter Tofu Stir-Fry","/recipe-images/almond-butter-tofu-stir-fry.webp"
"Almond Flour Pancakes","/recipe-images/almond-flour-pancakes.webp"
"Aloo Gobi","/recipe-images/aloo-gobi.webp"
"Aloo Paratha","/recipe-images/aloo-paratha.webp"
"Anadama Bread","/recipe-images/anadama-bread.webp"
"Andalusian Gazpacho","/recipe-images/andalusian-gazpacho.webp"
"Andalusian Gazpacho","/recipe-images/andalusian-gazpacho.webp"
"Apple Cranberry Crisp","/recipe-images/apple-cranberry-crisp.webp"
"Apple Peanut Butter Sandwiches","/recipe-images/apple-peanut-butter-sandwiches.webp"
"Arancini","/recipe-images/arancini.webp"
"Arrosticini Abruzzesi","/recipe-images/arrosticini-abruzzesi.webp"
"Arugula and Cremini Quiche","/recipe-images/arugula-and-cremini-quiche.webp"
"Ashkenazi Charoset","/recipe-images/ashkenazi-charoset.webp"
"Asparagus and Goat Cheese Frittata","/recipe-images/asparagus-and-goat-cheese-frittata.webp"
"Avocado Alfredo Zoodles with Chicken","/recipe-images/avocado-alfredo-zoodles-with-chicken.webp"
"Avocado Egg Toast Fingers","/recipe-images/avocado-egg-toast-fingers.webp"
"Avocado Egg Toast with Everything Bagel Seasoning","/recipe-images/avocado-egg-toast-with-everything-bagel-seasoning.webp"
"Baba Ganoush","/recipe-images/baba-ganoush.webp"
"Baby Back Ribs 3-2-1 Method","/recipe-images/baby-back-ribs-3-2-1-method.webp"
"Bacon-Wrapped Dates with Goat Cheese","/recipe-images/bacon-wrapped-dates-with-goat-cheese.webp"
"Bacon-Wrapped Grilled Pork Tenderloin","/recipe-images/bacon-wrapped-grilled-pork-tenderloin.webp"
"Bacon-Wrapped Jalapeño Poppers","/recipe-images/bacon-wrapped-jalape-o-poppers.webp"
"Bagna Cauda","/recipe-images/bagna-cauda.webp"
"Baingan Bharta","/recipe-images/baingan-bharta.webp"
"Baja Fish Tacos","/recipe-images/baja-fish-tacos.webp"
"Baked Brie with Honey and Nuts","/recipe-images/baked-brie-with-honey-and-nuts.webp"
"Baked Chicken Breasts and Vegetables","/recipe-images/baked-chicken-breasts-and-vegetables.webp"
"Baked Chicken Nuggets","/recipe-images/baked-chicken-nuggets.webp"
"Baked Chicken Nuggets","/recipe-images/baked-chicken-nuggets.webp"
"Baked Chicken Parmesan","/recipe-images/baked-chicken-parmesan.webp"
"Baked Chicken Thighs with Roasted Vegetables","/recipe-images/baked-chicken-thighs-with-roasted-vegetables.webp"
"Baked Crispy Wings","/recipe-images/baked-crispy-wings.webp"
"Baked French Toast Casserole","/recipe-images/baked-french-toast-casserole.webp"
"Baked Lemon Herb Chicken Thighs","/recipe-images/baked-lemon-herb-chicken-thighs.webp"
"Baked Mac and Cheese","/recipe-images/baked-mac-and-cheese.webp"
"Baked Sweet Potato Fries","/recipe-images/baked-sweet-potato-fries.webp"
"Baked Turkey Breast with Roasted Root Vegetables","/recipe-images/baked-turkey-breast-with-roasted-root-vegetables.webp"
"Baked Ziti with Ricotta","/recipe-images/baked-ziti-with-ricotta.webp"
"Balsamic Brussels Sprouts with Bacon","/recipe-images/balsamic-brussels-sprouts-with-bacon.webp"
"Banana Bread","/recipe-images/banana-bread.webp"
"Banana Cream Pie","/recipe-images/banana-cream-pie.webp"
"Banana Oat Pancakes","/recipe-images/banana-oat-pancakes.webp"
"Banana Oat Pancakes","/recipe-images/banana-oat-pancakes.webp"
"Banana Pancakes","/recipe-images/banana-pancakes.webp"
"Banana Pudding with Vanilla Wafers","/recipe-images/banana-pudding-with-vanilla-wafers.webp"
"Banh Mi Rice Bowl","/recipe-images/banh-mi-rice-bowl.webp"
"Barbacoa Beef","/recipe-images/barbacoa-beef.webp"
"Barbacoa","/recipe-images/barbacoa.webp"
"Basic Chaffle","/recipe-images/basic-chaffle.webp"
"Basic Chia Seed Pudding","/recipe-images/basic-chia-seed-pudding.webp"
"BBQ Bacon Burger","/recipe-images/bbq-bacon-burger.webp"
"BBQ Chicken Burrito Bowls","/recipe-images/bbq-chicken-burrito-bowls.webp"
"BBQ Chicken Sliders","/recipe-images/bbq-chicken-sliders.webp"
"BBQ Chicken Thighs","/recipe-images/bbq-chicken-thighs.webp"
"BBQ Jackfruit Sandwiches","/recipe-images/bbq-jackfruit-sandwiches.webp"
"BBQ Mini Meatball Lunchbox Bites","/recipe-images/bbq-mini-meatball-lunchbox-bites.webp"
"BBQ Pulled Pork","/recipe-images/bbq-pulled-pork.webp"
"BBQ Smoked Wings","/recipe-images/bbq-smoked-wings.webp"
"Beef Bourguignon","/recipe-images/beef-bourguignon.webp"
"Beef Bulgogi Bowl","/recipe-images/beef-bulgogi-bowl.webp"
"Beef Rendang","/recipe-images/beef-rendang.webp"
"Beef Wellington","/recipe-images/beef-wellington.webp"
"Beer Bread","/recipe-images/beer-bread.webp"
"Beer Cheese Dip","/recipe-images/beer-cheese-dip.webp"
"Best Ever Green Bean Casserole","/recipe-images/best-ever-green-bean-casserole.webp"
"Bibimbap","/recipe-images/bibimbap.webp"
"Big and Bubbly Focaccia","/recipe-images/big-and-bubbly-focaccia.webp"
"Birria de Res","/recipe-images/birria-de-res.webp"
"Bistecca alla Fiorentina","/recipe-images/bistecca-alla-fiorentina.webp"
"Bistro-Style Entrecote","/recipe-images/bistro-style-entrecote.webp"
"Black Bean Brownies","/recipe-images/black-bean-brownies.webp"
"Blackened Catfish","/recipe-images/blackened-catfish.webp"
"Blackened Pan-Seared Salmon","/recipe-images/blackened-pan-seared-salmon.webp"
"Blissed-Out Thai Salad with Peanut Tempeh","/recipe-images/blissed-out-thai-salad-with-peanut-tempeh.webp"
"Blueberry Baked Oatmeal","/recipe-images/blueberry-baked-oatmeal.webp"
"Blueberry Crisp","/recipe-images/blueberry-crisp.webp"
"Blueberry Muffins","/recipe-images/blueberry-muffins.webp"
"Blueberry Pancakes","/recipe-images/blueberry-pancakes.webp"
"Blueberry Peach Cobbler","/recipe-images/blueberry-peach-cobbler.webp"
"Branzino al Limone","/recipe-images/branzino-al-limone.webp"
"Brazilian Picanha Churrasco","/recipe-images/brazilian-picanha-churrasco.webp"
"Bread Machine Sourdough Bread","/recipe-images/bread-machine-sourdough-bread.webp"
"Breakfast Strata","/recipe-images/breakfast-strata.webp"
"Brioche Bread","/recipe-images/brioche-bread.webp"
"Brioche French Toast","/recipe-images/brioche-french-toast.webp"
"Brisket Burnt Ends","/recipe-images/brisket-burnt-ends.webp"
"Broccoli Cheddar Soup","/recipe-images/broccoli-cheddar-soup.webp"
"Brown Butter Green Beans with Almonds","/recipe-images/brown-butter-green-beans-with-almonds.webp"
"Brussels Sprout and Bacon Frittata","/recipe-images/brussels-sprout-and-bacon-frittata.webp"
"Bucatini Allamatriciana","/recipe-images/bucatini-allamatriciana.webp"
"Buffalo Chicken Dip","/recipe-images/buffalo-chicken-dip.webp"
"Bun Cha","/recipe-images/bun-cha.webp"
"Butter Chicken","/recipe-images/butter-chicken.webp"
"Butter Chicken","/recipe-images/butter-chicken.webp"
"Butter Noodles with Parmesan","/recipe-images/butter-noodles-with-parmesan.webp"
"Buttermilk Cornbread","/recipe-images/buttermilk-cornbread.webp"
"Buttermilk Fried Chicken","/recipe-images/buttermilk-fried-chicken.webp"
"Butternut Squash and Goat Cheese Tart","/recipe-images/butternut-squash-and-goat-cheese-tart.webp"
"Butternut Squash Mac and Cheese","/recipe-images/butternut-squash-mac-and-cheese.webp"
"Butternut Squash Soup","/recipe-images/butternut-squash-soup.webp"
"Buttery Mashed Potatoes","/recipe-images/buttery-mashed-potatoes.webp"
"Cacio e Pepe","/recipe-images/cacio-e-pepe.webp"
"Cacio e Pepe","/recipe-images/cacio-e-pepe.webp"
"Cajun Chicken and Andouille Gumbo","/recipe-images/cajun-chicken-and-andouille-gumbo.webp"
"California Chicken Avocado Rice Bowl","/recipe-images/california-chicken-avocado-rice-bowl.webp"
"Canederli in Brodo","/recipe-images/canederli-in-brodo.webp"
"Cannoli Siciliani","/recipe-images/cannoli-siciliani.webp"
"Caponata","/recipe-images/caponata.webp"
"Caprese Salad","/recipe-images/caprese-salad.webp"
"Caprese Salad","/recipe-images/caprese-salad.webp"
"Carne Asada Tacos","/recipe-images/carne-asada-tacos.webp"
"Carnitas","/recipe-images/carnitas.webp"
"Carolina Vinegar Pulled Pork","/recipe-images/carolina-vinegar-pulled-pork.webp"
"Carrot Cake with Cream Cheese Frosting","/recipe-images/carrot-cake-with-cream-cheese-frosting.webp"
"Carrot Zucchini Muffins","/recipe-images/carrot-zucchini-muffins.webp"
"Cauliflower Chicken Casserole","/recipe-images/cauliflower-chicken-casserole.webp"
"Cauliflower Crust Pizza","/recipe-images/cauliflower-crust-pizza.webp"
"Cauliflower Fried Rice","/recipe-images/cauliflower-fried-rice.webp"
"Challah Bread","/recipe-images/challah-bread.webp"
"Challah","/recipe-images/challah.webp"
"Champagne Risotto","/recipe-images/champagne-risotto.webp"
"Chana Masala","/recipe-images/chana-masala.webp"
"Char Siu","/recipe-images/char-siu.webp"
"Cheddar Jalapeño Bread","/recipe-images/cheddar-jalape-o-bread.webp"
"Cheese Blintzes with Sour Cream","/recipe-images/cheese-blintzes-with-sour-cream.webp"
"Cheese Blintzes","/recipe-images/cheese-blintzes.webp"
"Cheese Blintzes","/recipe-images/cheese-blintzes.webp"
"Cheese Burekas","/recipe-images/cheese-burekas.webp"
"Cheese Ravioli With Brown Butter and Sage","/recipe-images/cheese-ravioli-with-brown-butter-and-sage.webp"
"Cheeseburger Sliders","/recipe-images/cheeseburger-sliders.webp"
"Cheesy Broccoli Rice","/recipe-images/cheesy-broccoli-rice.webp"
"Cheesy Chicken Zucchini Casserole","/recipe-images/cheesy-chicken-zucchini-casserole.webp"
"Cheesy Ground Beef Rice Casserole","/recipe-images/cheesy-ground-beef-rice-casserole.webp"
"Cheesy Pasta Bake","/recipe-images/cheesy-pasta-bake.webp"
"Chettinad Pepper Chicken","/recipe-images/chettinad-pepper-chicken.webp"
"Chicken and Dumplings","/recipe-images/chicken-and-dumplings.webp"
"Chicken and Vegetable Soup","/recipe-images/chicken-and-vegetable-soup.webp"
"Chicken and Veggie Cauliflower Fried Rice","/recipe-images/chicken-and-veggie-cauliflower-fried-rice.webp"
"Chicken and Veggie Skewers","/recipe-images/chicken-and-veggie-skewers.webp"
"Chicken and Waffles","/recipe-images/chicken-and-waffles.webp"
"Chicken Bacon Ranch Casserole","/recipe-images/chicken-bacon-ranch-casserole.webp"
"Chicken Biryani","/recipe-images/chicken-biryani.webp"
"Chicken Cacciatore","/recipe-images/chicken-cacciatore.webp"
"Chicken Cauliflower Fried Rice","/recipe-images/chicken-cauliflower-fried-rice.webp"
"Chicken Cauliflower Rice Burrito Bowl","/recipe-images/chicken-cauliflower-rice-burrito-bowl.webp"
"Chicken Cordon Bleu","/recipe-images/chicken-cordon-bleu.webp"
"Chicken Enchiladas","/recipe-images/chicken-enchiladas.webp"
"Chicken Fajita Sheet Pan Bake","/recipe-images/chicken-fajita-sheet-pan-bake.webp"
"Chicken Florentine","/recipe-images/chicken-florentine.webp"
"Chicken Karaage","/recipe-images/chicken-karaage.webp"
"Chicken Katsu","/recipe-images/chicken-katsu.webp"
"Chicken Lettuce Wraps","/recipe-images/chicken-lettuce-wraps.webp"
"Chicken Marsala","/recipe-images/chicken-marsala.webp"
"Chicken Mole Poblano","/recipe-images/chicken-mole-poblano.webp"
"Chicken Parmesan","/recipe-images/chicken-parmesan.webp"
"Chicken Piccata","/recipe-images/chicken-piccata.webp"
"Chicken Pot Pie","/recipe-images/chicken-pot-pie.webp"
"Chicken Shawarma Sweet Potato Bowl","/recipe-images/chicken-shawarma-sweet-potato-bowl.webp"
"Chicken Shawarma","/recipe-images/chicken-shawarma.webp"
"Chicken Souvlaki","/recipe-images/chicken-souvlaki.webp"
"Chicken Stir Fry with Broccoli and Peppers","/recipe-images/chicken-stir-fry-with-broccoli-and-peppers.webp"
"Chicken Teriyaki","/recipe-images/chicken-teriyaki.webp"
"Chicken Tikka Masala","/recipe-images/chicken-tikka-masala.webp"
"Chicken Tortilla Soup","/recipe-images/chicken-tortilla-soup.webp"
"Chicken Vegetable Soup","/recipe-images/chicken-vegetable-soup.webp"
"Chickpea Pasta with Veggie Sauce","/recipe-images/chickpea-pasta-with-veggie-sauce.webp"
"Chickpea Shakshuka","/recipe-images/chickpea-shakshuka.webp"
"Chilaquiles Rojos","/recipe-images/chilaquiles-rojos.webp"
"Chilaquiles Verdes","/recipe-images/chilaquiles-verdes.webp"
"Chiles Rellenos","/recipe-images/chiles-rellenos.webp"
"Chili Con Carne","/recipe-images/chili-con-carne.webp"
"Chimichurri Flank Steak","/recipe-images/chimichurri-flank-steak.webp"
"Chinese Potstickers","/recipe-images/chinese-potstickers.webp"
"Chocolate Babka","/recipe-images/chocolate-babka.webp"
"Chocolate Budino","/recipe-images/chocolate-budino.webp"
"Chocolate Chip Cookies","/recipe-images/chocolate-chip-cookies.webp"
"Chocolate Chunk Coconut Banana Bread","/recipe-images/chocolate-chunk-coconut-banana-bread.webp"
"Chocolate Keto Fat Bombs","/recipe-images/chocolate-keto-fat-bombs.webp"
"Chocolate Lava Cakes","/recipe-images/chocolate-lava-cakes.webp"
"Chocolate Overnight Oats","/recipe-images/chocolate-overnight-oats.webp"
"Cholent","/recipe-images/cholent.webp"
"Chopped Greek Salad","/recipe-images/chopped-greek-salad.webp"
"Chorizo and Potato Hash","/recipe-images/chorizo-and-potato-hash.webp"
"Chunky Lentil Vegetable Soup","/recipe-images/chunky-lentil-vegetable-soup.webp"
"Cinco de Mayo Carnitas Tacos","/recipe-images/cinco-de-mayo-carnitas-tacos.webp"
"Cinghiale al Cinghiale","/recipe-images/cinghiale-al-cinghiale.webp"
"Cinnamon Noodle Kugel","/recipe-images/cinnamon-noodle-kugel.webp"
"Cinnamon Raisin Bread","/recipe-images/cinnamon-raisin-bread.webp"
"Cinnamon Swirl Bread","/recipe-images/cinnamon-swirl-bread.webp"
"Classic American Potato Salad","/recipe-images/classic-american-potato-salad.webp"
"Classic Avocado Toast","/recipe-images/classic-avocado-toast.webp"
"Classic Banana Bread","/recipe-images/classic-banana-bread.webp"
"Classic Beef Chili","/recipe-images/classic-beef-chili.webp"
"Classic Belgian Waffles","/recipe-images/classic-belgian-waffles.webp"
"Classic Blondies","/recipe-images/classic-blondies.webp"
"Classic Buffalo Wings","/recipe-images/classic-buffalo-wings.webp"
"Classic Buttermilk Biscuits","/recipe-images/classic-buttermilk-biscuits.webp"
"Classic Caprese Salad","/recipe-images/classic-caprese-salad.webp"
"Classic Chicken Noodle Soup","/recipe-images/classic-chicken-noodle-soup.webp"
"Classic Cioppino","/recipe-images/classic-cioppino.webp"
"Classic Coleslaw","/recipe-images/classic-coleslaw.webp"
"Classic Cornbread","/recipe-images/classic-cornbread.webp"
"Classic Creme Brulee","/recipe-images/classic-creme-brulee.webp"
"Classic Fettuccine Alfredo","/recipe-images/classic-fettuccine-alfredo.webp"
"Classic French Toast","/recipe-images/classic-french-toast.webp"
"Classic Herb Stuffing","/recipe-images/classic-herb-stuffing.webp"
"Classic Hummus","/recipe-images/classic-hummus.webp"
"Classic Key Lime Pie","/recipe-images/classic-key-lime-pie.webp"
"Classic Minestrone","/recipe-images/classic-minestrone.webp"
"Classic New York Cheesecake","/recipe-images/classic-new-york-cheesecake.webp"
"Classic Peach Cobbler","/recipe-images/classic-peach-cobbler.webp"
"Classic Pesto Genovese With Linguine","/recipe-images/classic-pesto-genovese-with-linguine.webp"
"Classic Pumpkin Pie","/recipe-images/classic-pumpkin-pie.webp"
"Classic Roast Chicken with Pan Jus","/recipe-images/classic-roast-chicken-with-pan-jus.webp"
"Classic Roast Turkey","/recipe-images/classic-roast-turkey.webp"
"Classic Scones","/recipe-images/classic-scones.webp"
"Classic Sloppy Joes","/recipe-images/classic-sloppy-joes.webp"
"Classic Slow Cooker Pot Roast","/recipe-images/classic-slow-cooker-pot-roast.webp"
"Classic Smashburger","/recipe-images/classic-smashburger.webp"
"Classic Tiramisu","/recipe-images/classic-tiramisu.webp"
"Classic White Sandwich Bread","/recipe-images/classic-white-sandwich-bread.webp"
"Cochinita Pibil","/recipe-images/cochinita-pibil.webp"
"Coconut Curry Vegan Ramen","/recipe-images/coconut-curry-vegan-ramen.webp"
"Coconut Lime Baked Chicken","/recipe-images/coconut-lime-baked-chicken.webp"
"Coda alla Vaccinara","/recipe-images/coda-alla-vaccinara.webp"
"Cold Italian Pasta Salad","/recipe-images/cold-italian-pasta-salad.webp"
"Connecticut-Style Lobster Roll","/recipe-images/connecticut-style-lobster-roll.webp"
"Coq au Vin","/recipe-images/coq-au-vin.webp"
"Corn Chowder with Bacon","/recipe-images/corn-chowder-with-bacon.webp"
"Cornbread Waffles","/recipe-images/cornbread-waffles.webp"
"Corned Beef Hash","/recipe-images/corned-beef-hash.webp"
"Cotoletta alla Milanese","/recipe-images/cotoletta-alla-milanese.webp"
"Cottage Cheese Breakfast Bowl","/recipe-images/cottage-cheese-breakfast-bowl.webp"
"Cowboy Ribeye with Herb Butter","/recipe-images/cowboy-ribeye-with-herb-butter.webp"
"Cracklin Chicken Thighs","/recipe-images/cracklin-chicken-thighs.webp"
"Cranberry Orange Sauce","/recipe-images/cranberry-orange-sauce.webp"
"Cream Biscuits","/recipe-images/cream-biscuits.webp"
"Cream Cheese Keto Pancakes","/recipe-images/cream-cheese-keto-pancakes.webp"
"Creamed Spinach and Wild Rice Casserole","/recipe-images/creamed-spinach-and-wild-rice-casserole.webp"
"Creamed Spinach","/recipe-images/creamed-spinach.webp"
"Creamy Chicken and Cheesy Rice Skillet","/recipe-images/creamy-chicken-and-cheesy-rice-skillet.webp"
"Creamy Mushroom Soup","/recipe-images/creamy-mushroom-soup.webp"
"Creamy Mushroom Tagliatelle","/recipe-images/creamy-mushroom-tagliatelle.webp"
"Creamy Tuscan Salmon","/recipe-images/creamy-tuscan-salmon.webp"
"Creamy Vegan Mushroom Stroganoff","/recipe-images/creamy-vegan-mushroom-stroganoff.webp"
"Creamy Vegan Pink Pasta","/recipe-images/creamy-vegan-pink-pasta.webp"
"Creamy Wild Rice Chicken Soup","/recipe-images/creamy-wild-rice-chicken-soup.webp"
"Crispy Coconut Shrimp","/recipe-images/crispy-coconut-shrimp.webp"
"Crispy Falafel","/recipe-images/crispy-falafel.webp"
"Crispy Pan-Seared Salmon","/recipe-images/crispy-pan-seared-salmon.webp"
"Crispy Sweet Potato Roast","/recipe-images/crispy-sweet-potato-roast.webp"
"Crispy Sweet Potatoes with Bourbon Maple Butter","/recipe-images/crispy-sweet-potatoes-with-bourbon-maple-butter.webp"
"Croque Madame","/recipe-images/croque-madame.webp"
"Crowd Guacamole","/recipe-images/crowd-guacamole.webp"
"Crunchy Thai Peanut Quinoa Salad","/recipe-images/crunchy-thai-peanut-quinoa-salad.webp"
"Cucumber Dill Salad","/recipe-images/cucumber-dill-salad.webp"
"Dal Makhani","/recipe-images/dal-makhani.webp"
"Dan Dan Noodles","/recipe-images/dan-dan-noodles.webp"
"Dhokla","/recipe-images/dhokla.webp"
"Dolmades","/recipe-images/dolmades.webp"
"Easter Carrot Cake","/recipe-images/easter-carrot-cake.webp"
"Easter Deviled Eggs","/recipe-images/easter-deviled-eggs.webp"
"Easter Roast Leg of Lamb","/recipe-images/easter-roast-leg-of-lamb.webp"
"Easy 1-Pot Tikka Masala","/recipe-images/easy-1-pot-tikka-masala.webp"
"Easy Grillable Veggie Burgers","/recipe-images/easy-grillable-veggie-burgers.webp"
"Easy Tempeh Stir-Fry","/recipe-images/easy-tempeh-stir-fry.webp"
"Easy Vegan Jackfruit Tacos","/recipe-images/easy-vegan-jackfruit-tacos.webp"
"Easy Vegan Ramen","/recipe-images/easy-vegan-ramen.webp"
"Edamame Brown Rice Power Bowl","/recipe-images/edamame-brown-rice-power-bowl.webp"
"Egg Roll in a Bowl","/recipe-images/egg-roll-in-a-bowl.webp"
"Egg White and Veggie Omelet","/recipe-images/egg-white-and-veggie-omelet.webp"
"Egg White Muffins with Turkey Bacon","/recipe-images/egg-white-muffins-with-turkey-bacon.webp"
"Eggs Benedict","/recipe-images/eggs-benedict.webp"
"Eggs Florentine","/recipe-images/eggs-florentine.webp"
"Elote Grilled Corn on the Cob","/recipe-images/elote-grilled-corn-on-the-cob.webp"
"Elote (Mexican Street Corn)","/recipe-images/elote-mexican-street-corn.webp"
"Enchiladas Rojas","/recipe-images/enchiladas-rojas.webp"
"Enchiladas Suizas","/recipe-images/enchiladas-suizas.webp"
"Enchiladas Verdes","/recipe-images/enchiladas-verdes.webp"
"English Muffins","/recipe-images/english-muffins.webp"
"Esquites (Mexican Street Corn in a Cup)","/recipe-images/esquites-mexican-street-corn-in-a-cup.webp"
"Everyday Lentil Soup","/recipe-images/everyday-lentil-soup.webp"
"Fancy Green Bean Casserole","/recipe-images/fancy-green-bean-casserole.webp"
"Fancy Huevos Rancheros","/recipe-images/fancy-huevos-rancheros.webp"
"Farinata Genovese","/recipe-images/farinata-genovese.webp"
"Fathead Pizza","/recipe-images/fathead-pizza.webp"
"Fattoush Salad","/recipe-images/fattoush-salad.webp"
"Filipino Chicken Adobo","/recipe-images/filipino-chicken-adobo.webp"
"Flaky All-Butter Pie Crust","/recipe-images/flaky-all-butter-pie-crust.webp"
"Flank Steak with Red Wine Marinade","/recipe-images/flank-steak-with-red-wine-marinade.webp"
"Flank Steak with Soy-Ginger Marinade","/recipe-images/flank-steak-with-soy-ginger-marinade.webp"
"Flautas de Pollo","/recipe-images/flautas-de-pollo.webp"
"Fluffy Buttermilk Pancake Stack","/recipe-images/fluffy-buttermilk-pancake-stack.webp"
"Focaccia Dough","/recipe-images/focaccia-dough.webp"
"Four Cheese Butternut Squash Rigatoni","/recipe-images/four-cheese-butternut-squash-rigatoni.webp"
"Freekeh Pilaf with Herbs","/recipe-images/freekeh-pilaf-with-herbs.webp"
"Freezer Breakfast Burritos","/recipe-images/freezer-breakfast-burritos.webp"
"French Bread","/recipe-images/french-bread.webp"
"French Dip Sandwiches","/recipe-images/french-dip-sandwiches.webp"
"French Onion Soup","/recipe-images/french-onion-soup.webp"
"French Toast Sticks","/recipe-images/french-toast-sticks.webp"
"Frico Croccante","/recipe-images/frico-croccante.webp"
"Fried Mozzarella Sticks","/recipe-images/fried-mozzarella-sticks.webp"
"Frijoles Refritos (Refried Beans)","/recipe-images/frijoles-refritos-refried-beans.webp"
"Frito Pie","/recipe-images/frito-pie.webp"
"Fruit Galette","/recipe-images/fruit-galette.webp"
"Garden Herb Shrimp Scampi Linguine","/recipe-images/garden-herb-shrimp-scampi-linguine.webp"
"Garlic Butter Baked Cod","/recipe-images/garlic-butter-baked-cod.webp"
"Garlic Butter Steak Bites","/recipe-images/garlic-butter-steak-bites.webp"
"Garlic Herb Roasted Baby Potatoes","/recipe-images/garlic-herb-roasted-baby-potatoes.webp"
"Garlic Parmesan Wings","/recipe-images/garlic-parmesan-wings.webp"
"Garlic Steamed Dungeness Crab","/recipe-images/garlic-steamed-dungeness-crab.webp"
"Gefilte Fish","/recipe-images/gefilte-fish.webp"
"General Tso's Chicken","/recipe-images/general-tso-s-chicken.webp"
"Ginger Sesame Ground Turkey Bowls","/recipe-images/ginger-sesame-ground-turkey-bowls.webp"
"Gingery Glazed Carrots","/recipe-images/gingery-glazed-carrots.webp"
"Glowing Spiced Lentil Soup","/recipe-images/glowing-spiced-lentil-soup.webp"
"Gluten-Free White Bread","/recipe-images/gluten-free-white-bread.webp"
"Gnocchi alla Sorrentina","/recipe-images/gnocchi-alla-sorrentina.webp"
"Goan Prawn Curry","/recipe-images/goan-prawn-curry.webp"
"Goi Cuon","/recipe-images/goi-cuon.webp"
"Golden Curry Lentil Soup","/recipe-images/golden-curry-lentil-soup.webp"
"Golden Milk Overnight Oats","/recipe-images/golden-milk-overnight-oats.webp"
"Greek Chicken Wraps","/recipe-images/greek-chicken-wraps.webp"
"Greek Frittata with Feta and Olives","/recipe-images/greek-frittata-with-feta-and-olives.webp"
"Greek Lemon Chicken and Potatoes","/recipe-images/greek-lemon-chicken-and-potatoes.webp"
"Greek Pork Souvlaki Skewers","/recipe-images/greek-pork-souvlaki-skewers.webp"
"Greek Salad","/recipe-images/greek-salad.webp"
"Greek Sheet Pan Chicken","/recipe-images/greek-sheet-pan-chicken.webp"
"Greek Yogurt Fruit Dip with Whole Grain Crackers","/recipe-images/greek-yogurt-fruit-dip-with-whole-grain-crackers.webp"
"Greek Yogurt Mac and Cheese","/recipe-images/greek-yogurt-mac-and-cheese.webp"
"Greek Yogurt Parfait","/recipe-images/greek-yogurt-parfait.webp"
"Grilled BBQ Wings","/recipe-images/grilled-bbq-wings.webp"
"Grilled Chicken Thighs with Chimichurri","/recipe-images/grilled-chicken-thighs-with-chimichurri.webp"
"Grilled Chicken Thighs with Honey Sriracha Glaze","/recipe-images/grilled-chicken-thighs-with-honey-sriracha-glaze.webp"
"Grilled Flank Steak with Garlic Herb Marinade","/recipe-images/grilled-flank-steak-with-garlic-herb-marinade.webp"
"Grilled Halibut with Lemon Herb Butter","/recipe-images/grilled-halibut-with-lemon-herb-butter.webp"
"Grilled Hot Dogs with Toppings","/recipe-images/grilled-hot-dogs-with-toppings.webp"
"Grilled Lamb Chops with Garlic and Rosemary","/recipe-images/grilled-lamb-chops-with-garlic-and-rosemary.webp"
"Grilled Lemon Garlic Chicken Thighs","/recipe-images/grilled-lemon-garlic-chicken-thighs.webp"
"Grilled New York Strip","/recipe-images/grilled-new-york-strip.webp"
"Grilled Portobello Mushrooms with Balsamic and Herbs","/recipe-images/grilled-portobello-mushrooms-with-balsamic-and-herbs.webp"
"Grilled Salmon with Avocado Salsa","/recipe-images/grilled-salmon-with-avocado-salsa.webp"
"Grilled Salmon with Brown Butter and Dill","/recipe-images/grilled-salmon-with-brown-butter-and-dill.webp"
"Grilled Shrimp Skewers with Garlic Butter","/recipe-images/grilled-shrimp-skewers-with-garlic-butter.webp"
"Grilled Summer Vegetables","/recipe-images/grilled-summer-vegetables.webp"
"Ground Beef and Sweet Potato Skillet","/recipe-images/ground-beef-and-sweet-potato-skillet.webp"
"Ground Turkey and Zucchini Skillet","/recipe-images/ground-turkey-and-zucchini-skillet.webp"
"Guacamole","/recipe-images/guacamole.webp"
"Gulab Jamun","/recipe-images/gulab-jamun.webp"
"Gyudon","/recipe-images/gyudon.webp"
"Half Baked Harvest Chocolate Lava Cakes","/recipe-images/half-baked-harvest-chocolate-lava-cakes.webp"
"Halloumi and Watermelon Salad","/recipe-images/halloumi-and-watermelon-salad.webp"
"Halloumi Fajita Bowls","/recipe-images/halloumi-fajita-bowls.webp"
"Ham and Cheddar Savory Scones","/recipe-images/ham-and-cheddar-savory-scones.webp"
"Hamantaschen","/recipe-images/hamantaschen.webp"
"Hamburger Buns","/recipe-images/hamburger-buns.webp"
"Hanger Steak with Herb Marinade","/recipe-images/hanger-steak-with-herb-marinade.webp"
"Harissa Roasted Vegetables","/recipe-images/harissa-roasted-vegetables.webp"
"Hasselback Potatoes","/recipe-images/hasselback-potatoes.webp"
"Healthy Baked Fish Sticks with Whole Grain Breadcrumbs","/recipe-images/healthy-baked-fish-sticks-with-whole-grain-breadcrumbs.webp"
"Healthy Chicken Pot Pie with Whole Grain Crust","/recipe-images/healthy-chicken-pot-pie-with-whole-grain-crust.webp"
"Herb Rice Pilaf","/recipe-images/herb-rice-pilaf.webp"
"Herbed Quinoa Chickpea Salad","/recipe-images/herbed-quinoa-chickpea-salad.webp"
"Hidden Veggie Mini Meatballs","/recipe-images/hidden-veggie-mini-meatballs.webp"
"Homemade Bagels","/recipe-images/homemade-bagels.webp"
"Homemade Chicken Tenders with Ranch","/recipe-images/homemade-chicken-tenders-with-ranch.webp"
"Homemade Chocolate Eclairs","/recipe-images/homemade-chocolate-eclairs.webp"
"Homemade Croissants","/recipe-images/homemade-croissants.webp"
"Homemade Fish Sticks","/recipe-images/homemade-fish-sticks.webp"
"Homemade Maple Pecan Granola","/recipe-images/homemade-maple-pecan-granola.webp"
"Homemade Miso Soup","/recipe-images/homemade-miso-soup.webp"
"Homemade Soft Pretzels","/recipe-images/homemade-soft-pretzels.webp"
"Homemade Vegetarian Chili","/recipe-images/homemade-vegetarian-chili.webp"
"Honey Apple Cake","/recipe-images/honey-apple-cake.webp"
"Honey Butter Cheddar Biscuits","/recipe-images/honey-butter-cheddar-biscuits.webp"
"Honey Butter Corn on the Cob","/recipe-images/honey-butter-corn-on-the-cob.webp"
"Honey Butter White Bread","/recipe-images/honey-butter-white-bread.webp"
"Honey Dijon Chicken Tenders","/recipe-images/honey-dijon-chicken-tenders.webp"
"Honey Garlic Baked Salmon","/recipe-images/honey-garlic-baked-salmon.webp"
"Honey-Glazed Spiral Ham","/recipe-images/honey-glazed-spiral-ham.webp"
"Honey Lime Chili Chicken Bowl","/recipe-images/honey-lime-chili-chicken-bowl.webp"
"Honey Oat Bread","/recipe-images/honey-oat-bread.webp"
"Honey Roasted Carrots","/recipe-images/honey-roasted-carrots.webp"
"Honey Walnut Shrimp","/recipe-images/honey-walnut-shrimp.webp"
"Honey Whole Wheat Bread","/recipe-images/honey-whole-wheat-bread.webp"
"Hoppin John Black-Eyed Peas","/recipe-images/hoppin-john-black-eyed-peas.webp"
"Hot and Sour Soup","/recipe-images/hot-and-sour-soup.webp"
"Hot Crab Dip","/recipe-images/hot-crab-dip.webp"
"Hot Cross Buns","/recipe-images/hot-cross-buns.webp"
"Huevos Divorciados","/recipe-images/huevos-divorciados.webp"
"Huevos Rancheros","/recipe-images/huevos-rancheros.webp"
"Idli with Tiffin Sambar","/recipe-images/idli-with-tiffin-sambar.webp"
"Instant Pot Apple Butter","/recipe-images/instant-pot-apple-butter.webp"
"Instant Pot Barbacoa Beef","/recipe-images/instant-pot-barbacoa-beef.webp"
"Instant Pot Beef Short Ribs","/recipe-images/instant-pot-beef-short-ribs.webp"
"Instant Pot Beef Stew","/recipe-images/instant-pot-beef-stew.webp"
"Instant Pot Black Beans From Dry","/recipe-images/instant-pot-black-beans-from-dry.webp"
"Instant Pot Carnitas","/recipe-images/instant-pot-carnitas.webp"
"Instant Pot Chana Masala","/recipe-images/instant-pot-chana-masala.webp"
"Instant Pot Cheesecake","/recipe-images/instant-pot-cheesecake.webp"
"Instant Pot Chicken Biryani","/recipe-images/instant-pot-chicken-biryani.webp"
"Instant Pot Chicken Bone Broth","/recipe-images/instant-pot-chicken-bone-broth.webp"
"Instant Pot Chicken Noodle Soup","/recipe-images/instant-pot-chicken-noodle-soup.webp"
"Instant Pot Chicken Tikka Masala","/recipe-images/instant-pot-chicken-tikka-masala.webp"
"Instant Pot Chili","/recipe-images/instant-pot-chili.webp"
"Instant Pot Corned Beef and Cabbage","/recipe-images/instant-pot-corned-beef-and-cabbage.webp"
"Instant Pot Dal Makhani","/recipe-images/instant-pot-dal-makhani.webp"
"Instant Pot Dulce de Leche","/recipe-images/instant-pot-dulce-de-leche.webp"
"Instant Pot Hard Boiled Eggs 5-5-5","/recipe-images/instant-pot-hard-boiled-eggs-5-5-5.webp"
"Instant Pot Hummus From Scratch","/recipe-images/instant-pot-hummus-from-scratch.webp"
"Instant Pot Lentil Soup","/recipe-images/instant-pot-lentil-soup.webp"
"Instant Pot Mac and Cheese","/recipe-images/instant-pot-mac-and-cheese.webp"
"Instant Pot Mushroom Risotto","/recipe-images/instant-pot-mushroom-risotto.webp"
"Instant Pot Pot Roast","/recipe-images/instant-pot-pot-roast.webp"
"Instant Pot Pulled Chicken","/recipe-images/instant-pot-pulled-chicken.webp"
"Instant Pot Pulled Pork","/recipe-images/instant-pot-pulled-pork.webp"
"Instant Pot Refried Beans","/recipe-images/instant-pot-refried-beans.webp"
"Instant Pot Rice Pudding","/recipe-images/instant-pot-rice-pudding.webp"
"Instant Pot Spaghetti and Meatballs","/recipe-images/instant-pot-spaghetti-and-meatballs.webp"
"Instant Pot Split Pea Soup","/recipe-images/instant-pot-split-pea-soup.webp"
"Instant Pot Vegetable Broth","/recipe-images/instant-pot-vegetable-broth.webp"
"Instant Pot White Bean and Kale Soup","/recipe-images/instant-pot-white-bean-and-kale-soup.webp"
"Instant Pot Whole Chicken","/recipe-images/instant-pot-whole-chicken.webp"
"Irish Lamb Stew","/recipe-images/irish-lamb-stew.webp"
"Israeli Couscous Salad","/recipe-images/israeli-couscous-salad.webp"
"Italian Herb and Olive Oil Bread","/recipe-images/italian-herb-and-olive-oil-bread.webp"
"Italian Sausage and Pepper Frittata","/recipe-images/italian-sausage-and-pepper-frittata.webp"
"Italian Wedding Soup","/recipe-images/italian-wedding-soup.webp"
"Jachnun","/recipe-images/jachnun.webp"
"Jalapeño Queso Dip","/recipe-images/jalape-o-queso-dip.webp"
"Japanese Curry Rice","/recipe-images/japanese-curry-rice.webp"
"Japanese Teppanyaki Sirloin","/recipe-images/japanese-teppanyaki-sirloin.webp"
"Japanese Yakitori Chicken Skewers","/recipe-images/japanese-yakitori-chicken-skewers.webp"
"Japchae","/recipe-images/japchae.webp"
"Jerk Chicken","/recipe-images/jerk-chicken.webp"
"Juicy Lucy Burger","/recipe-images/juicy-lucy-burger.webp"
"Kale and White Bean Breakfast Bowl","/recipe-images/kale-and-white-bean-breakfast-bowl.webp"
"Kansas City Sweet and Saucy Ribs","/recipe-images/kansas-city-sweet-and-saucy-ribs.webp"
"Kasha Varnishkes","/recipe-images/kasha-varnishkes.webp"
"Katsudon","/recipe-images/katsudon.webp"
"Kerala Coconut Fish Curry","/recipe-images/kerala-coconut-fish-curry.webp"
"Keto Avocado Bacon Chicken Bunless Burger","/recipe-images/keto-avocado-bacon-chicken-bunless-burger.webp"
"Keto Avocado Chocolate Pudding","/recipe-images/keto-avocado-chocolate-pudding.webp"
"Keto Bacon and Cheese Omelette","/recipe-images/keto-bacon-and-cheese-omelette.webp"
"Keto Blueberry Muffins","/recipe-images/keto-blueberry-muffins.webp"
"Keto Bread Loaf","/recipe-images/keto-bread-loaf.webp"
"Keto Breakfast Casserole","/recipe-images/keto-breakfast-casserole.webp"
"Keto Butter Burgers","/recipe-images/keto-butter-burgers.webp"
"Keto Cheesecake Bites","/recipe-images/keto-cheesecake-bites.webp"
"Keto Chimichurri Chicken with Zoodles","/recipe-images/keto-chimichurri-chicken-with-zoodles.webp"
"Keto Chocolate Mousse","/recipe-images/keto-chocolate-mousse.webp"
"Keto Egg Muffin Cups","/recipe-images/keto-egg-muffin-cups.webp"
"Keto Pesto Chicken Zoodle Salad","/recipe-images/keto-pesto-chicken-zoodle-salad.webp"
"Keto Salmon with Honey Garlic Glaze","/recipe-images/keto-salmon-with-honey-garlic-glaze.webp"
"Kheer","/recipe-images/kheer.webp"
"Kimchi Jjigae","/recipe-images/kimchi-jjigae.webp"
"Kimchijeon","/recipe-images/kimchijeon.webp"
"King Arthur Fudge Brownies","/recipe-images/king-arthur-fudge-brownies.webp"
"Korean BBQ Short Ribs (Kalbi)","/recipe-images/korean-bbq-short-ribs-kalbi.webp"
"Korean Bulgogi Beef","/recipe-images/korean-bulgogi-beef.webp"
"Korean Fried Chicken Wings","/recipe-images/korean-fried-chicken-wings.webp"
"Korean Fried Chicken","/recipe-images/korean-fried-chicken.webp"
"Kosha Mangsho","/recipe-images/kosha-mangsho.webp"
"Kotopoulo Lemonato","/recipe-images/kotopoulo-lemonato.webp"
"Kung Pao Chicken","/recipe-images/kung-pao-chicken.webp"
"Lamb Gyros","/recipe-images/lamb-gyros.webp"
"Lamb Kofta","/recipe-images/lamb-kofta.webp"
"Lamb Vindaloo","/recipe-images/lamb-vindaloo.webp"
"Lasagna Bolognese","/recipe-images/lasagna-bolognese.webp"
"Lasagne alla Bolognese","/recipe-images/lasagne-alla-bolognese.webp"
"Lebanese Kafta Kebabs","/recipe-images/lebanese-kafta-kebabs.webp"
"Lebanese Kibbeh","/recipe-images/lebanese-kibbeh.webp"
"Leek and Mushroom Quiche","/recipe-images/leek-and-mushroom-quiche.webp"
"Lemon Butter Cheese Ravioli","/recipe-images/lemon-butter-cheese-ravioli.webp"
"Lemon Herb Couscous","/recipe-images/lemon-herb-couscous.webp"
"Lemon Herb Orzo","/recipe-images/lemon-herb-orzo.webp"
"Lemon Herb Roast Chicken Thighs","/recipe-images/lemon-herb-roast-chicken-thighs.webp"
"Lemon Pepper Wings","/recipe-images/lemon-pepper-wings.webp"
"Lemon Rice","/recipe-images/lemon-rice.webp"
"Lemon Ricotta Pancakes","/recipe-images/lemon-ricotta-pancakes.webp"
"Lentil Bolognese","/recipe-images/lentil-bolognese.webp"
"Lettuce-Wrapped Beef Tacos","/recipe-images/lettuce-wrapped-beef-tacos.webp"
"Lighter Turkey Club Sandwich","/recipe-images/lighter-turkey-club-sandwich.webp"
"Linguine alle Vongole","/recipe-images/linguine-alle-vongole.webp"
"Loaded Potato Skins","/recipe-images/loaded-potato-skins.webp"
"Loaded Veggie Egg Muffins","/recipe-images/loaded-veggie-egg-muffins.webp"
"Lobster Bisque","/recipe-images/lobster-bisque.webp"
"Low-Carb Curry Chicken with Cauliflower Rice","/recipe-images/low-carb-curry-chicken-with-cauliflower-rice.webp"
"Low Country Shrimp Boil","/recipe-images/low-country-shrimp-boil.webp"
"Lucknowi Awadhi Biryani","/recipe-images/lucknowi-awadhi-biryani.webp"
"Lumpia Shanghai","/recipe-images/lumpia-shanghai.webp"
"Maamoul Date Cookies","/recipe-images/maamoul-date-cookies.webp"
"Macher Jhol","/recipe-images/macher-jhol.webp"
"Magic Cookie Bars","/recipe-images/magic-cookie-bars.webp"
"Malabi","/recipe-images/malabi.webp"
"Malloreddus alla Campidanese","/recipe-images/malloreddus-alla-campidanese.webp"
"Mandelbrot","/recipe-images/mandelbrot.webp"
"Mango Coconut Chia Pudding","/recipe-images/mango-coconut-chia-pudding.webp"
"Mango Lassi","/recipe-images/mango-lassi.webp"
"Maple Corn Muffins","/recipe-images/maple-corn-muffins.webp"
"Maple Pecan Pie","/recipe-images/maple-pecan-pie.webp"
"Mapo Tofu","/recipe-images/mapo-tofu.webp"
"Mardi Gras Jambalaya","/recipe-images/mardi-gras-jambalaya.webp"
"Margherita Pizza","/recipe-images/margherita-pizza.webp"
"Marinated Peanut Tempeh","/recipe-images/marinated-peanut-tempeh.webp"
"Maryland Crab Cakes","/recipe-images/maryland-crab-cakes.webp"
"Masala Chai","/recipe-images/masala-chai.webp"
"Masala Dosa","/recipe-images/masala-dosa.webp"
"Mason Jar Greek Salad","/recipe-images/mason-jar-greek-salad.webp"
"Massaman Curry","/recipe-images/massaman-curry.webp"
"Matbucha","/recipe-images/matbucha.webp"
"Matzo Ball Soup","/recipe-images/matzo-ball-soup.webp"
"Meatball Subs","/recipe-images/meatball-subs.webp"
"Mediterranean Baked Cod","/recipe-images/mediterranean-baked-cod.webp"
"Mediterranean Quinoa Roasted Veg Bowl","/recipe-images/mediterranean-quinoa-roasted-veg-bowl.webp"
"Mediterranean Stuffed Peppers","/recipe-images/mediterranean-stuffed-peppers.webp"
"Mediterranean Turkey Meatball Sheet Pan Dinner","/recipe-images/mediterranean-turkey-meatball-sheet-pan-dinner.webp"
"Memphis Dry Rub Ribs","/recipe-images/memphis-dry-rub-ribs.webp"
"Methi Chicken","/recipe-images/methi-chicken.webp"
"Migas","/recipe-images/migas.webp"
"Mini Chicken Quesadillas","/recipe-images/mini-chicken-quesadillas.webp"
"Mini Meatballs in Marinara","/recipe-images/mini-meatballs-in-marinara.webp"
"Mini Pepperoni Flatbread Pizzas","/recipe-images/mini-pepperoni-flatbread-pizzas.webp"
"Mini Turkey Burger Sliders on Whole Grain Buns","/recipe-images/mini-turkey-burger-sliders-on-whole-grain-buns.webp"
"Mini Whole Grain French Toast Sticks","/recipe-images/mini-whole-grain-french-toast-sticks.webp"
"Mini Whole Wheat Veggie Muffins","/recipe-images/mini-whole-wheat-veggie-muffins.webp"
"Miso-Glazed Black Cod","/recipe-images/miso-glazed-black-cod.webp"
"Miso-Glazed Eggplant","/recipe-images/miso-glazed-eggplant.webp"
"Mississippi Pot Roast","/recipe-images/mississippi-pot-roast.webp"
"Mixed Berry Smoothie Bowl","/recipe-images/mixed-berry-smoothie-bowl.webp"
"Morning Glory Muffins","/recipe-images/morning-glory-muffins.webp"
"Moroccan Chicken Couscous","/recipe-images/moroccan-chicken-couscous.webp"
"Moroccan Chicken Tagine","/recipe-images/moroccan-chicken-tagine.webp"
"Moroccan Harira Soup","/recipe-images/moroccan-harira-soup.webp"
"Moroccan Lamb Tagine","/recipe-images/moroccan-lamb-tagine.webp"
"Mother's Day Brunch Quiche","/recipe-images/mother-s-day-brunch-quiche.webp"
"Moules Marinières","/recipe-images/moules-marini-res.webp"
"Moussaka","/recipe-images/moussaka.webp"
"Mulled Wine","/recipe-images/mulled-wine.webp"
"Multigrain Honey Bread","/recipe-images/multigrain-honey-bread.webp"
"Multigrain Seeded Loaf","/recipe-images/multigrain-seeded-loaf.webp"
"Mushroom Risotto","/recipe-images/mushroom-risotto.webp"
"My Old-School Baked Ziti","/recipe-images/my-old-school-baked-ziti.webp"
"Nachos Supreme","/recipe-images/nachos-supreme.webp"
"Nashville Hot Chicken","/recipe-images/nashville-hot-chicken.webp"
"New England Clam Chowder","/recipe-images/new-england-clam-chowder.webp"
"New York Cheesecake","/recipe-images/new-york-cheesecake.webp"
"No-Bake Berry Cheesecake","/recipe-images/no-bake-berry-cheesecake.webp"
"No-Bake Keto Cheesecake","/recipe-images/no-bake-keto-cheesecake.webp"
"Oatmeal Bread","/recipe-images/oatmeal-bread.webp"
"Oatmeal Raisin Cookies","/recipe-images/oatmeal-raisin-cookies.webp"
"Okonomiyaki","/recipe-images/okonomiyaki.webp"
"Old-School Chocolate Mousse","/recipe-images/old-school-chocolate-mousse.webp"
"One Pan Lemon Pepper Yogurt Chicken and Rice","/recipe-images/one-pan-lemon-pepper-yogurt-chicken-and-rice.webp"
"One Pot Burrata Lemon Pesto Pasta","/recipe-images/one-pot-burrata-lemon-pesto-pasta.webp"
"One Pot Chicken and Rice","/recipe-images/one-pot-chicken-and-rice.webp"
"One Skillet Greek Lemon Chicken and Rice","/recipe-images/one-skillet-greek-lemon-chicken-and-rice.webp"
"Orecchiette con Cime di Rapa","/recipe-images/orecchiette-con-cime-di-rapa.webp"
"Orecchiette With Sausage and Broccoli","/recipe-images/orecchiette-with-sausage-and-broccoli.webp"
"Osso Buco alla Milanese","/recipe-images/osso-buco-alla-milanese.webp"
"Over-the-Top Mushroom Quiche","/recipe-images/over-the-top-mushroom-quiche.webp"
"Overnight Cinnamon Rolls","/recipe-images/overnight-cinnamon-rolls.webp"
"Pad Krapow Gai","/recipe-images/pad-krapow-gai.webp"
"Pad See Ew","/recipe-images/pad-see-ew.webp"
"Palak Paneer Dhaba Style","/recipe-images/palak-paneer-dhaba-style.webp"
"Palak Paneer","/recipe-images/palak-paneer.webp"
"Palak Paneer","/recipe-images/palak-paneer.webp"
"Paleo Beef Stew","/recipe-images/paleo-beef-stew.webp"
"Paleo Shrimp Stir-Fry","/recipe-images/paleo-shrimp-stir-fry.webp"
"Paleo Shrimp Tacos in Lettuce Cups","/recipe-images/paleo-shrimp-tacos-in-lettuce-cups.webp"
"Paleo Skillet Meatballs in Marinara","/recipe-images/paleo-skillet-meatballs-in-marinara.webp"
"Pan-Seared Filet Mignon","/recipe-images/pan-seared-filet-mignon.webp"
"Pan-Seared Scallops","/recipe-images/pan-seared-scallops.webp"
"Pancake Mini Muffins","/recipe-images/pancake-mini-muffins.webp"
"Pancit Canton","/recipe-images/pancit-canton.webp"
"Paneer Tikka Masala","/recipe-images/paneer-tikka-masala.webp"
"Paneer Tikka Masala","/recipe-images/paneer-tikka-masala.webp"
"Panzanella","/recipe-images/panzanella.webp"
"Papdi Chaat","/recipe-images/papdi-chaat.webp"
"Parmesan Crusted Salmon","/recipe-images/parmesan-crusted-salmon.webp"
"Parmigiana di Melanzane","/recipe-images/parmigiana-di-melanzane.webp"
"Party-Sized Fudge Brownies","/recipe-images/party-sized-fudge-brownies.webp"
"Pasta alla Gricia","/recipe-images/pasta-alla-gricia.webp"
"Pasta con le Sarde","/recipe-images/pasta-con-le-sarde.webp"
"Pasta E Fagioli","/recipe-images/pasta-e-fagioli.webp"
"Pasta e Fagioli","/recipe-images/pasta-e-fagioli.webp"
"Pasta Primavera","/recipe-images/pasta-primavera.webp"
"Pasta Salad With Roasted Tomatoes","/recipe-images/pasta-salad-with-roasted-tomatoes.webp"
"Pastitsio","/recipe-images/pastitsio.webp"
"Pav Bhaji","/recipe-images/pav-bhaji.webp"
"PBJ Acai Bowl","/recipe-images/pbj-acai-bowl.webp"
"Peanut Butter Overnight Oats","/recipe-images/peanut-butter-overnight-oats.webp"
"Pecan Pie Bars with Brown Butter Crust","/recipe-images/pecan-pie-bars-with-brown-butter-crust.webp"
"Pecan Pie","/recipe-images/pecan-pie.webp"
"Pepper-Crusted Sirloin with Blue Cheese Butter","/recipe-images/pepper-crusted-sirloin-with-blue-cheese-butter.webp"
"Pepperoni Pizza Bites","/recipe-images/pepperoni-pizza-bites.webp"
"Perfect Vegetable Lasagna","/recipe-images/perfect-vegetable-lasagna.webp"
"Peruvian Ceviche","/recipe-images/peruvian-ceviche.webp"
"Pesto Pasta Genovese","/recipe-images/pesto-pasta-genovese.webp"
"Philly Cheesesteak","/recipe-images/philly-cheesesteak.webp"
"Pico de Gallo","/recipe-images/pico-de-gallo.webp"
"Pigs in a Blanket","/recipe-images/pigs-in-a-blanket.webp"
"Pimento Cheese Dip","/recipe-images/pimento-cheese-dip.webp"
"Pita Bread","/recipe-images/pita-bread.webp"
"Pizza Dough","/recipe-images/pizza-dough.webp"
"Pizza Margherita Napoletana","/recipe-images/pizza-margherita-napoletana.webp"
"Pizza Sausage Rolls","/recipe-images/pizza-sausage-rolls.webp"
"Pizza Stuffed Bell Peppers","/recipe-images/pizza-stuffed-bell-peppers.webp"
"Popovers","/recipe-images/popovers.webp"
"Pork and Vegetable Fried Rice","/recipe-images/pork-and-vegetable-fried-rice.webp"
"Pork Posole Rojo","/recipe-images/pork-posole-rojo.webp"
"Pork Tenderloin with Herb Seasoning","/recipe-images/pork-tenderloin-with-herb-seasoning.webp"
"Porterhouse for Two","/recipe-images/porterhouse-for-two.webp"
"Potato and Broccolini Frittata","/recipe-images/potato-and-broccolini-frittata.webp"
"Potato Kugel","/recipe-images/potato-kugel.webp"
"Potato Latkes","/recipe-images/potato-latkes.webp"
"Pozole Rojo","/recipe-images/pozole-rojo.webp"
"Pozole Verde","/recipe-images/pozole-verde.webp"
"Pretzel Dough Rolls","/recipe-images/pretzel-dough-rolls.webp"
"Prime Rib Roast","/recipe-images/prime-rib-roast.webp"
"Provençal Ratatouille","/recipe-images/proven-al-ratatouille.webp"
"Pull-Apart Garlic Cheese Bread Bites","/recipe-images/pull-apart-garlic-cheese-bread-bites.webp"
"Pulled Pork Sliders","/recipe-images/pulled-pork-sliders.webp"
"Pumpernickel Dark Rye Bread","/recipe-images/pumpernickel-dark-rye-bread.webp"
"Pumpkin Chili","/recipe-images/pumpkin-chili.webp"
"Pumpkin Chocolate Chip Bread","/recipe-images/pumpkin-chocolate-chip-bread.webp"
"Quesabirria Tacos","/recipe-images/quesabirria-tacos.webp"
"Queso Fundido","/recipe-images/queso-fundido.webp"
"Quiche Lorraine","/recipe-images/quiche-lorraine.webp"
"Quick Beanless Chili","/recipe-images/quick-beanless-chili.webp"
"Quinoa Chickpea Salad","/recipe-images/quinoa-chickpea-salad.webp"
"Quinoa-Stuffed Bell Peppers","/recipe-images/quinoa-stuffed-bell-peppers.webp"
"Rajma Masala","/recipe-images/rajma-masala.webp"
"Ratatouille","/recipe-images/ratatouille.webp"
"Red Lentil Soup","/recipe-images/red-lentil-soup.webp"
"Reverse-Sear Ribeye","/recipe-images/reverse-sear-ribeye.webp"
"Ribollita","/recipe-images/ribollita.webp"
"Ricotta Gnocchi With Tomato Sauce","/recipe-images/ricotta-gnocchi-with-tomato-sauce.webp"
"Rigatoni With Easy Vodka Sauce","/recipe-images/rigatoni-with-easy-vodka-sauce.webp"
"Risi e Bisi","/recipe-images/risi-e-bisi.webp"
"Risotto alla Milanese","/recipe-images/risotto-alla-milanese.webp"
"Roasted Asparagus with Lemon","/recipe-images/roasted-asparagus-with-lemon.webp"
"Roasted Broccoli with Parmesan","/recipe-images/roasted-broccoli-with-parmesan.webp"
"Roasted Brussels Sprouts","/recipe-images/roasted-brussels-sprouts.webp"
"Roasted Buddha Bowl","/recipe-images/roasted-buddha-bowl.webp"
"Roasted Cauliflower with Garlic","/recipe-images/roasted-cauliflower-with-garlic.webp"
"Roasted Mushroom Herbed Quinoa Bowl","/recipe-images/roasted-mushroom-herbed-quinoa-bowl.webp"
"Roasted Mushrooms with Herbed Quinoa","/recipe-images/roasted-mushrooms-with-herbed-quinoa.webp"
"Roasted Spinach Artichoke Dip","/recipe-images/roasted-spinach-artichoke-dip.webp"
"Roasted Sweet Potato Buddha Bowl","/recipe-images/roasted-sweet-potato-buddha-bowl.webp"
"Roasted Tomato Feta Orzo","/recipe-images/roasted-tomato-feta-orzo.webp"
"Roasted Vegetable Quinoa","/recipe-images/roasted-vegetable-quinoa.webp"
"Rogan Josh","/recipe-images/rogan-josh.webp"
"Rosemary Garlic Focaccia Dough","/recipe-images/rosemary-garlic-focaccia-dough.webp"
"Rugelach","/recipe-images/rugelach.webp"
"Rye Bread with Caraway","/recipe-images/rye-bread-with-caraway.webp"
"Sabich","/recipe-images/sabich.webp"
"Salmon Lentil Salad","/recipe-images/salmon-lentil-salad.webp"
"Salmon Patties with Dill Aioli","/recipe-images/salmon-patties-with-dill-aioli.webp"
"Salmon Teriyaki Bites","/recipe-images/salmon-teriyaki-bites.webp"
"Salmon Teriyaki","/recipe-images/salmon-teriyaki.webp"
"Salsa Verde","/recipe-images/salsa-verde.webp"
"Saltimbocca alla Romana","/recipe-images/saltimbocca-alla-romana.webp"
"Samosas","/recipe-images/samosas.webp"
"Sarde in Saor","/recipe-images/sarde-in-saor.webp"
"Sausage Gravy and Biscuits","/recipe-images/sausage-gravy-and-biscuits.webp"
"Sausage Tomato Basil Frittata","/recipe-images/sausage-tomato-basil-frittata.webp"
"Sauteed Garlic Mushrooms","/recipe-images/sauteed-garlic-mushrooms.webp"
"Savory Bacon-Cheddar Waffles","/recipe-images/savory-bacon-cheddar-waffles.webp"
"Savory Breakfast Quinoa Bowl","/recipe-images/savory-breakfast-quinoa-bowl.webp"
"Savory Crepes with Ham and Gruyere","/recipe-images/savory-crepes-with-ham-and-gruyere.webp"
"Savory Dutch Baby with Mushrooms and Gruyere","/recipe-images/savory-dutch-baby-with-mushrooms-and-gruyere.webp"
"Scalloped Potatoes au Gratin","/recipe-images/scalloped-potatoes-au-gratin.webp"
"Schug Green Chili Sauce","/recipe-images/schug-green-chili-sauce.webp"
"Scrambled Egg Breakfast Quesadillas","/recipe-images/scrambled-egg-breakfast-quesadillas.webp"
"Seafood Paella","/recipe-images/seafood-paella.webp"
"Seared Ahi Tuna Steaks","/recipe-images/seared-ahi-tuna-steaks.webp"
"Sesame Chicken Rice Bowl","/recipe-images/sesame-chicken-rice-bowl.webp"
"Sesame Tempeh Bowls","/recipe-images/sesame-tempeh-bowls.webp"
"Shakshuka with Chickpeas and Kale","/recipe-images/shakshuka-with-chickpeas-and-kale.webp"
"Shakshuka with Feta","/recipe-images/shakshuka-with-feta.webp"
"Shakshuka","/recipe-images/shakshuka.webp"
"Shawarma Sheet Pan Chicken Bowl","/recipe-images/shawarma-sheet-pan-chicken-bowl.webp"
"Sheet Pan Cashew Chicken","/recipe-images/sheet-pan-cashew-chicken.webp"
"Sheet Pan Chicken Nuggets with Veggies","/recipe-images/sheet-pan-chicken-nuggets-with-veggies.webp"
"Sheet Pan Chicken Parmesan","/recipe-images/sheet-pan-chicken-parmesan.webp"
"Sheet Pan Chicken Tzatziki with Sweet Potatoes","/recipe-images/sheet-pan-chicken-tzatziki-with-sweet-potatoes.webp"
"Sheet Pan Greek Chicken and Vegetables","/recipe-images/sheet-pan-greek-chicken-and-vegetables.webp"
"Sheet Pan Honey Buffalo Chicken with Broccoli","/recipe-images/sheet-pan-honey-buffalo-chicken-with-broccoli.webp"
"Sheet Pan Italian Chicken","/recipe-images/sheet-pan-italian-chicken.webp"
"Sheet Pan Lemon Balsamic Chicken and Potatoes","/recipe-images/sheet-pan-lemon-balsamic-chicken-and-potatoes.webp"
"Sheet Pan Pancakes","/recipe-images/sheet-pan-pancakes.webp"
"Sheet Pan Sausage and Vegetables","/recipe-images/sheet-pan-sausage-and-vegetables.webp"
"Sheet Pan Shrimp Boil","/recipe-images/sheet-pan-shrimp-boil.webp"
"Shortbread Cookies","/recipe-images/shortbread-cookies.webp"
"Shrimp and Avocado Grain Bowl","/recipe-images/shrimp-and-avocado-grain-bowl.webp"
"Shrimp Cocktail Platter","/recipe-images/shrimp-cocktail-platter.webp"
"Shrimp Scampi","/recipe-images/shrimp-scampi.webp"
"Sicilian Eggplant Caponata","/recipe-images/sicilian-eggplant-caponata.webp"
"Simple Eggplant Parmesan","/recipe-images/simple-eggplant-parmesan.webp"
"Simple Essential Bolognese","/recipe-images/simple-essential-bolognese.webp"
"Simple Stovetop Chicken Quesadillas","/recipe-images/simple-stovetop-chicken-quesadillas.webp"
"Simple Zucchini Bread","/recipe-images/simple-zucchini-bread.webp"
"Simplest Spaghetti al Limone","/recipe-images/simplest-spaghetti-al-limone.webp"
"Skillet-Baked Macaroni and Cheese","/recipe-images/skillet-baked-macaroni-and-cheese.webp"
"Skillet Mac and Cheese","/recipe-images/skillet-mac-and-cheese.webp"
"Skirt Steak Fajitas","/recipe-images/skirt-steak-fajitas.webp"
"Skirt Steak with Salsa Verde","/recipe-images/skirt-steak-with-salsa-verde.webp"
"Sloppy Joe Crescent Cups","/recipe-images/sloppy-joe-crescent-cups.webp"
"Slow-Braised Brisket","/recipe-images/slow-braised-brisket.webp"
"Slow Cooker Asian Short Ribs","/recipe-images/slow-cooker-asian-short-ribs.webp"
"Slow Cooker Balsamic Chicken","/recipe-images/slow-cooker-balsamic-chicken.webp"
"Slow Cooker BBQ Brisket","/recipe-images/slow-cooker-bbq-brisket.webp"
"Slow Cooker Beef Bourguignon","/recipe-images/slow-cooker-beef-bourguignon.webp"
"Slow Cooker Beef Stew","/recipe-images/slow-cooker-beef-stew.webp"
"Slow Cooker Butter Chicken","/recipe-images/slow-cooker-butter-chicken.webp"
"Slow Cooker Carnitas","/recipe-images/slow-cooker-carnitas.webp"
"Slow Cooker Chicken and Sweet Potato Stew","/recipe-images/slow-cooker-chicken-and-sweet-potato-stew.webp"
"Slow Cooker Chicken Cacciatore","/recipe-images/slow-cooker-chicken-cacciatore.webp"
"Slow Cooker Chicken Taco Bowls","/recipe-images/slow-cooker-chicken-taco-bowls.webp"
"Slow Cooker Chicken Tikka Masala","/recipe-images/slow-cooker-chicken-tikka-masala.webp"
"Slow Cooker Chili Verde","/recipe-images/slow-cooker-chili-verde.webp"
"Slow Cooker Ham and Bean Soup","/recipe-images/slow-cooker-ham-and-bean-soup.webp"
"Slow Cooker Honey Garlic Chicken","/recipe-images/slow-cooker-honey-garlic-chicken.webp"
"Slow Cooker Kalua Pig","/recipe-images/slow-cooker-kalua-pig.webp"
"Slow Cooker Lamb Shanks","/recipe-images/slow-cooker-lamb-shanks.webp"
"Slow Cooker Lentil Soup","/recipe-images/slow-cooker-lentil-soup.webp"
"Slow Cooker Minestrone","/recipe-images/slow-cooker-minestrone.webp"
"Slow Cooker Pulled Chicken","/recipe-images/slow-cooker-pulled-chicken.webp"
"Slow Cooker Ropa Vieja","/recipe-images/slow-cooker-ropa-vieja.webp"
"Slow Cooker Salsa Chicken","/recipe-images/slow-cooker-salsa-chicken.webp"
"Slow Cooker Sesame Chicken","/recipe-images/slow-cooker-sesame-chicken.webp"
"Slow Cooker Split Pea Soup","/recipe-images/slow-cooker-split-pea-soup.webp"
"Slow Cooker Sweet and Sour Chicken","/recipe-images/slow-cooker-sweet-and-sour-chicken.webp"
"Slow Cooker Sweet Potato Chili","/recipe-images/slow-cooker-sweet-potato-chili.webp"
"Slow Cooker White Bean Chicken Chili","/recipe-images/slow-cooker-white-bean-chicken-chili.webp"
"Slow Roasted Mushroom Pasta","/recipe-images/slow-roasted-mushroom-pasta.webp"
"Slow-Roasted Sweet Potatoes","/recipe-images/slow-roasted-sweet-potatoes.webp"
"Smashed Chickpea Salad Sandwich","/recipe-images/smashed-chickpea-salad-sandwich.webp"
"Smitten Kitchen Apple Pie","/recipe-images/smitten-kitchen-apple-pie.webp"
"Smitten Kitchen Birthday Cake","/recipe-images/smitten-kitchen-birthday-cake.webp"
"Smitten Kitchen Lemon Bars","/recipe-images/smitten-kitchen-lemon-bars.webp"
"Smoked Beef Short Ribs","/recipe-images/smoked-beef-short-ribs.webp"
"Smoked Mac and Cheese","/recipe-images/smoked-mac-and-cheese.webp"
"Smoked Salmon Pasta","/recipe-images/smoked-salmon-pasta.webp"
"Smoked Sausage Links","/recipe-images/smoked-sausage-links.webp"
"Smoked Turkey","/recipe-images/smoked-turkey.webp"
"Sneaky Veggie Pasta Sauce","/recipe-images/sneaky-veggie-pasta-sauce.webp"
"Soft Chocolate Chip Cookies","/recipe-images/soft-chocolate-chip-cookies.webp"
"Soft Dinner Rolls","/recipe-images/soft-dinner-rolls.webp"
"Soft Dinner Rolls","/recipe-images/soft-dinner-rolls.webp"
"Soft Pretzel Dough","/recipe-images/soft-pretzel-dough.webp"
"Soft Sandwich Bread","/recipe-images/soft-sandwich-bread.webp"
"Sopes","/recipe-images/sopes.webp"
"Sous Vide Ribeye","/recipe-images/sous-vide-ribeye.webp"
"Southwest Black Bean Quinoa Bowl","/recipe-images/southwest-black-bean-quinoa-bowl.webp"
"Spaghetti Carbonara","/recipe-images/spaghetti-carbonara.webp"
"Spaghetti Puttanesca","/recipe-images/spaghetti-puttanesca.webp"
"Spaghetti Squash Bolognese","/recipe-images/spaghetti-squash-bolognese.webp"
"Spanakopita","/recipe-images/spanakopita.webp"
"Spanish Seafood Paella","/recipe-images/spanish-seafood-paella.webp"
"Spanish Tortilla","/recipe-images/spanish-tortilla.webp"
"Spatchcock Roast Chicken","/recipe-images/spatchcock-roast-chicken.webp"
"Spatchcocked Thanksgiving Turkey","/recipe-images/spatchcocked-thanksgiving-turkey.webp"
"Spiced Black Bean Soup","/recipe-images/spiced-black-bean-soup.webp"
"Spiced Pumpkin Soup","/recipe-images/spiced-pumpkin-soup.webp"
"Spicy Red Lentil Curry","/recipe-images/spicy-red-lentil-curry.webp"
"Spicy Tuna Guacamole Bowl","/recipe-images/spicy-tuna-guacamole-bowl.webp"
"Spicy Tuna Poke Bowl","/recipe-images/spicy-tuna-poke-bowl.webp"
"Spinach and Feta Scrambled Eggs","/recipe-images/spinach-and-feta-scrambled-eggs.webp"
"Spinach and Mushroom Breakfast Burrito","/recipe-images/spinach-and-mushroom-breakfast-burrito.webp"
"Spinach and Ricotta Gnudi","/recipe-images/spinach-and-ricotta-gnudi.webp"
"Spinach Ricotta Stuffed Shells","/recipe-images/spinach-ricotta-stuffed-shells.webp"
"Spinach Ricotta Stuffed Shells","/recipe-images/spinach-ricotta-stuffed-shells.webp"
"Split Pea and Ham Soup","/recipe-images/split-pea-and-ham-soup.webp"
"St. Louis Style Smoked Ribs","/recipe-images/st-louis-style-smoked-ribs.webp"
"St. Patrick's Day Corned Beef and Cabbage","/recipe-images/st-patrick-s-day-corned-beef-and-cabbage.webp"
"St. Patrick's Day Shepherd's Pie","/recipe-images/st-patrick-s-day-shepherd-s-pie.webp"
"Steak and Arugula Salad","/recipe-images/steak-and-arugula-salad.webp"
"Steak and Eggs","/recipe-images/steak-and-eggs.webp"
"Steak au Poivre","/recipe-images/steak-au-poivre.webp"
"Steak Diane","/recipe-images/steak-diane.webp"
"Steak Frites","/recipe-images/steak-frites.webp"
"Steak Salad with Shallot Vinaigrette","/recipe-images/steak-salad-with-shallot-vinaigrette.webp"
"Steak with Compound Herb Butter","/recipe-images/steak-with-compound-herb-butter.webp"
"Sticky Honey-Soy Wings","/recipe-images/sticky-honey-soy-wings.webp"
"Sticky Toffee Pudding","/recipe-images/sticky-toffee-pudding.webp"
"Stovetop Mac and Cheese","/recipe-images/stovetop-mac-and-cheese.webp"
"Stovetop Mac and Cheese","/recipe-images/stovetop-mac-and-cheese.webp"
"Strawberry Almond Butter Yogurt Parfait","/recipe-images/strawberry-almond-butter-yogurt-parfait.webp"
"Strawberry Banana Smoothie Bowl","/recipe-images/strawberry-banana-smoothie-bowl.webp"
"Strawberry Cream Pretzel Tart","/recipe-images/strawberry-cream-pretzel-tart.webp"
"Stuffed French Toast","/recipe-images/stuffed-french-toast.webp"
"Sufganiyot","/recipe-images/sufganiyot.webp"
"Sugar Cookies with Royal Icing","/recipe-images/sugar-cookies-with-royal-icing.webp"
"Summer Glow Buddha Bowl","/recipe-images/summer-glow-buddha-bowl.webp"
"Sun-Dried Tomato Herb Bread","/recipe-images/sun-dried-tomato-herb-bread.webp"
"Super Green Smoothie Bowl","/recipe-images/super-green-smoothie-bowl.webp"
"Supplì al Telefono","/recipe-images/suppl-al-telefono.webp"
"Sushi Bowl with Sriracha Mayo","/recipe-images/sushi-bowl-with-sriracha-mayo.webp"
"Sweet and Sour Pork","/recipe-images/sweet-and-sour-pork.webp"
"Sweet and Spicy Chicken Bowl","/recipe-images/sweet-and-spicy-chicken-bowl.webp"
"Sweet Lokshen Kugel","/recipe-images/sweet-lokshen-kugel.webp"
"Sweet Potato and Black Bean Grain Bowl","/recipe-images/sweet-potato-and-black-bean-grain-bowl.webp"
"Sweet Potato Black Bean Tacos","/recipe-images/sweet-potato-black-bean-tacos.webp"
"Sweet Potato Bread","/recipe-images/sweet-potato-bread.webp"
"Sweet Potato Casserole with Marshmallows","/recipe-images/sweet-potato-casserole-with-marshmallows.webp"
"Sweet Potato Hash with Eggs","/recipe-images/sweet-potato-hash-with-eggs.webp"
"T'beet Iraqi Shabbat Rice","/recipe-images/t-beet-iraqi-shabbat-rice.webp"
"T-Bone Steak on the Grill","/recipe-images/t-bone-steak-on-the-grill.webp"
"Tabbouleh","/recipe-images/tabbouleh.webp"
"Tacos de Camarón (Grilled Shrimp Tacos)","/recipe-images/tacos-de-camar-n-grilled-shrimp-tacos.webp"
"Tacos de Huevo con Chorizo (Breakfast Tacos)","/recipe-images/tacos-de-huevo-con-chorizo-breakfast-tacos.webp"
"Tamales de Pollo con Rajas (Chicken and Poblano Tamales)","/recipe-images/tamales-de-pollo-con-rajas-chicken-and-poblano-tamales.webp"
"Tamales de Puerco (Red Chile Pork Tamales)","/recipe-images/tamales-de-puerco-red-chile-pork-tamales.webp"
"Tandoori Chicken","/recipe-images/tandoori-chicken.webp"
"Tater Tot Casserole","/recipe-images/tater-tot-casserole.webp"
"Teriyaki Chicken Meatball Bowl","/recipe-images/teriyaki-chicken-meatball-bowl.webp"
"Teriyaki Flank Steak","/recipe-images/teriyaki-flank-steak.webp"
"Tex-Mex Sweet Potato Breakfast Hash","/recipe-images/tex-mex-sweet-potato-breakfast-hash.webp"
"Texas Smoked Brisket","/recipe-images/texas-smoked-brisket.webp"
"Thai Basil Shrimp Stir-Fry","/recipe-images/thai-basil-shrimp-stir-fry.webp"
"Thai Green Curry Chicken","/recipe-images/thai-green-curry-chicken.webp"
"Thai Grilled Chicken (Gai Yang)","/recipe-images/thai-grilled-chicken-gai-yang.webp"
"Thai Peanut Chicken","/recipe-images/thai-peanut-chicken.webp"
"Thai Red Curry","/recipe-images/thai-red-curry.webp"
"Tinga de Pollo","/recipe-images/tinga-de-pollo.webp"
"Tiramisù","/recipe-images/tiramis.webp"
"Tom Yum Goong","/recipe-images/tom-yum-goong.webp"
"Tomahawk Steak Reverse Sear","/recipe-images/tomahawk-steak-reverse-sear.webp"
"Tomato Basil Soup","/recipe-images/tomato-basil-soup.webp"
"Tonkatsu","/recipe-images/tonkatsu.webp"
"Tonkotsu Ramen Broth","/recipe-images/tonkotsu-ramen-broth.webp"
"Tortellini in Brodo","/recipe-images/tortellini-in-brodo.webp"
"Tostadas de Tinga","/recipe-images/tostadas-de-tinga.webp"
"Tri-Tip with Santa Maria Rub","/recipe-images/tri-tip-with-santa-maria-rub.webp"
"Tteokbokki","/recipe-images/tteokbokki.webp"
"Tuna Salad Wrap","/recipe-images/tuna-salad-wrap.webp"
"Tunisian Shakshuka","/recipe-images/tunisian-shakshuka.webp"
"Turkey and Quinoa Stuffed Portobello Mushrooms","/recipe-images/turkey-and-quinoa-stuffed-portobello-mushrooms.webp"
"Turkey Gravy from Drippings","/recipe-images/turkey-gravy-from-drippings.webp"
"Turkey Meatballs with Hidden Vegetables","/recipe-images/turkey-meatballs-with-hidden-vegetables.webp"
"Turkey Meatballs with Marinara","/recipe-images/turkey-meatballs-with-marinara.webp"
"Turkey Sausage and Sweet Potato Hash","/recipe-images/turkey-sausage-and-sweet-potato-hash.webp"
"Turkey Stuffed Acorn Squash","/recipe-images/turkey-stuffed-acorn-squash.webp"
"Turkey Stuffed Bell Peppers","/recipe-images/turkey-stuffed-bell-peppers.webp"
"Turkey Taco Lettuce Wraps","/recipe-images/turkey-taco-lettuce-wraps.webp"
"Turkish Menemen","/recipe-images/turkish-menemen.webp"
"Tuscan Panzanella","/recipe-images/tuscan-panzanella.webp"
"Tuscan White Bean Soup","/recipe-images/tuscan-white-bean-soup.webp"
"Tzatziki with Warm Pita","/recipe-images/tzatziki-with-warm-pita.webp"
"Tzimmes","/recipe-images/tzimmes.webp"
"Uttapam","/recipe-images/uttapam.webp"
"Vanilla Bean Ice Cream","/recipe-images/vanilla-bean-ice-cream.webp"
"Vanilla Panna Cotta","/recipe-images/vanilla-panna-cotta.webp"
"Vegan Black Bean Chili","/recipe-images/vegan-black-bean-chili.webp"
"Vegan Lentil Stew","/recipe-images/vegan-lentil-stew.webp"
"Vegan Mac and Cheese","/recipe-images/vegan-mac-and-cheese.webp"
"Vegan Miso Mushroom Risotto","/recipe-images/vegan-miso-mushroom-risotto.webp"
"Vegan Nicoise Salad","/recipe-images/vegan-nicoise-salad.webp"
"Veggie-Loaded Chili","/recipe-images/veggie-loaded-chili.webp"
"Veggie-Packed Mini Frittatas","/recipe-images/veggie-packed-mini-frittatas.webp"
"Vichyssoise","/recipe-images/vichyssoise.webp"
"Vietnamese Chicken Pho","/recipe-images/vietnamese-chicken-pho.webp"
"Vitello Tonnato","/recipe-images/vitello-tonnato.webp"
"Warming Chickpea Curry","/recipe-images/warming-chickpea-curry.webp"
"Watermelon Feta Salad","/recipe-images/watermelon-feta-salad.webp"
"White Bean and Kale Soup","/recipe-images/white-bean-and-kale-soup.webp"
"White Chicken Chili","/recipe-images/white-chicken-chili.webp"
"White Chicken Chili","/recipe-images/white-chicken-chili.webp"
"Whole Grain Pita Pizzas","/recipe-images/whole-grain-pita-pizzas.webp"
"Whole Grain Quesadillas with Beans and Cheese","/recipe-images/whole-grain-quesadillas-with-beans-and-cheese.webp"
"Whole Wheat Banana Bread Pancakes","/recipe-images/whole-wheat-banana-bread-pancakes.webp"
"Whole Wheat Banana Bread","/recipe-images/whole-wheat-banana-bread.webp"
"Whole Wheat Pasta with Hidden Veggie Marinara","/recipe-images/whole-wheat-pasta-with-hidden-veggie-marinara.webp"
"Whole30 Beef Stew","/recipe-images/whole30-beef-stew.webp"
"Whole30 Beef Tacos in Lettuce Wraps","/recipe-images/whole30-beef-tacos-in-lettuce-wraps.webp"
"Whole30 Chicken Lettuce Cups","/recipe-images/whole30-chicken-lettuce-cups.webp"
"Whole30 Egg and Veggie Breakfast Casserole","/recipe-images/whole30-egg-and-veggie-breakfast-casserole.webp"
"Whole30 Pot Roast","/recipe-images/whole30-pot-roast.webp"
"Winter Squash and Spinach Pasta Bake","/recipe-images/winter-squash-and-spinach-pasta-bake.webp"
"Yangzhou Fried Rice","/recipe-images/yangzhou-fried-rice.webp"
"Yeast-Raised Doughnuts","/recipe-images/yeast-raised-doughnuts.webp"
"Yorkshire Pudding","/recipe-images/yorkshire-pudding.webp"
"Zoodle Carbonara","/recipe-images/zoodle-carbonara.webp"
"Zucchini Noodles with Meat Sauce","/recipe-images/zucchini-noodles-with-meat-sauce.webp"
"Zucchini Pasta with Creamy Sauce","/recipe-images/zucchini-pasta-with-creamy-sauce.webp"
"Zucchini Ricotta Galette","/recipe-images/zucchini-ricotta-galette.webp"